{
  "waist": [
    0.055782882385700006
  ],
  "head": [
    0.08812864737227759,
    0.7222883102788794
  ],
  "left_manipulator": [
    -0.5715625196738154,
    -0.32724995951669406,
    -2.207977906899604,
    2.775721087647718,
    -0.8133402152157613,
    -3.0534677157702466,
    0.28474767364961806
  ],
  "right_manipulator": [
    1.3293733328554906,
    0.3180601856113253,
    -1.6691890234818811,
    0.20597617513902192,
    0.39916972173550064,
    -0.9642873947167901,
    2.6202677289667258
  ]
}